Tempo Trilateração (s);Tempo distancia 0(s);Tempo distancia 1(s);Tempo distancia 2(s);Tempo distancia 3(s);Tempo distancia 4(s);Distancia nó 0(m);Distancia nó 1(m);Distancia nó 2(m);Distancia nó 3(m);Distancia nó 4(m);Posição estimada (m);Posição real (m)
0.000112865;1.689e-06;1.315e-06;1.514e-06;1.61e-06;1.303e-06;72.0278;85.6828;32.7158;115.995;99.1668;252.196,227.662;259.056,226.8
0.00012889;1.346e-06;1.465e-06;1.293e-06;1.231e-06;1.285e-06;72.0278;85.6828;32.7158;115.995;99.1668;252.196,227.662;259.056,226.8
0.000193614;1.25e-06;1.092e-06;1.164e-06;1.437e-06;1.333e-06;72.0278;85.6828;32.7158;115.995;99.1668;252.196,227.662;259.056,226.8
