Tempo Trilateração (s);Tempo distancia 0(s);Tempo distancia 1(s);Tempo distancia 2(s);Distancia nó 0(m);Distancia nó 1(m);Distancia nó 2(m);Posição x estimada (m);Posição y estimada (m);Posição x real (m);Posição y real (m)
0.000129757;1.491e-06;1.307e-06;1.399e-06;-21.1896;-21.1896;-21.1896;300;300;300;300
9.1135e-05;4.203e-06;1.582e-06;2.458e-06;-21.1896;-21.1896;-21.1896;300;300;300;300
8.0827e-05;1.307e-06;1.159e-06;5.082e-06;1.00011;1.00011;1.00011;300;300;300;300
7.6421e-05;1.441e-06;2.083e-06;1.00011;1.00011;-nan;-nan;300;300
